<?xml version="1.0" encoding="UTF-8"?><module codename="org.openide.nodes">
    <module_version install_time="1394471449737" last="true" origin="installer" specification_version="7.38.1">
        <file crc="11361373" name="config/ModuleAutoDeps/org-openide-nodes.xml"/>
        <file crc="3092369940" name="config/Modules/org-openide-nodes.xml"/>
        <file crc="550448929" name="modules/locale/org-openide-nodes_ja.jar"/>
        <file crc="3922128124" name="modules/locale/org-openide-nodes_pt_BR.jar"/>
        <file crc="1703740215" name="modules/locale/org-openide-nodes_ru.jar"/>
        <file crc="4028356110" name="modules/locale/org-openide-nodes_zh_CN.jar"/>
        <file crc="1222667784" name="modules/org-openide-nodes.jar"/>
    </module_version>
</module>
