<?xml version="1.0" encoding="UTF-8"?><module codename="org.openide.dialogs">
    <module_version install_time="1394471191656" last="true" origin="installer" specification_version="7.36.1">
        <file crc="807629635" name="config/Modules/org-openide-dialogs.xml"/>
        <file crc="1511438556" name="modules/locale/org-openide-dialogs_ja.jar"/>
        <file crc="138195228" name="modules/locale/org-openide-dialogs_pt_BR.jar"/>
        <file crc="1061797004" name="modules/locale/org-openide-dialogs_ru.jar"/>
        <file crc="2276259033" name="modules/locale/org-openide-dialogs_zh_CN.jar"/>
        <file crc="2634191353" name="modules/org-openide-dialogs.jar"/>
    </module_version>
</module>
