<?xml version="1.0" encoding="UTF-8"?><module codename="org.netbeans.api.progress/1">
    <module_version install_time="1394471180726" last="true" origin="installer" specification_version="1.37.1">
        <file crc="1605883752" name="config/Modules/org-netbeans-api-progress.xml"/>
        <file crc="2028902088" name="modules/locale/org-netbeans-api-progress_ja.jar"/>
        <file crc="2288123117" name="modules/locale/org-netbeans-api-progress_pt_BR.jar"/>
        <file crc="1148235282" name="modules/locale/org-netbeans-api-progress_ru.jar"/>
        <file crc="2680579266" name="modules/locale/org-netbeans-api-progress_zh_CN.jar"/>
        <file crc="2187245086" name="modules/org-netbeans-api-progress.jar"/>
    </module_version>
</module>
