<?xml version="1.0" encoding="UTF-8"?><module codename="org.netbeans.core.multiview/1">
    <module_version install_time="1394471671141" last="true" origin="installer" specification_version="1.39.1">
        <file crc="3216778929" name="config/Modules/org-netbeans-core-multiview.xml"/>
        <file crc="1862707519" name="modules/locale/org-netbeans-core-multiview_ja.jar"/>
        <file crc="1261325747" name="modules/locale/org-netbeans-core-multiview_pt_BR.jar"/>
        <file crc="3363801757" name="modules/locale/org-netbeans-core-multiview_ru.jar"/>
        <file crc="143633649" name="modules/locale/org-netbeans-core-multiview_zh_CN.jar"/>
        <file crc="3446840461" name="modules/org-netbeans-core-multiview.jar"/>
    </module_version>
</module>
