<?xml version="1.0" encoding="UTF-8"?><module codename="org.netbeans.modules.applemenu/1">
    <module_version install_time="1394472803802" last="true" origin="installer" specification_version="1.32.1">
        <file crc="2121659589" name="config/Modules/org-netbeans-modules-applemenu.xml"/>
        <file crc="4070327629" name="modules/locale/org-netbeans-modules-applemenu_ja.jar"/>
        <file crc="4064895174" name="modules/locale/org-netbeans-modules-applemenu_pt_BR.jar"/>
        <file crc="4020382038" name="modules/locale/org-netbeans-modules-applemenu_ru.jar"/>
        <file crc="1882277400" name="modules/locale/org-netbeans-modules-applemenu_zh_CN.jar"/>
        <file crc="3809198595" name="modules/org-netbeans-modules-applemenu.jar"/>
    </module_version>
</module>
