<?xml version="1.0" encoding="UTF-8"?><module codename="org.netbeans.libs.javafx">
    <module_version install_time="1394471047373" last="true" origin="installer" specification_version="2.3.1">
        <file crc="3843417750" name="config/Modules/org-netbeans-libs-javafx.xml"/>
        <file crc="2258410381" name="modules/locale/org-netbeans-libs-javafx_ja.jar"/>
        <file crc="2249975213" name="modules/locale/org-netbeans-libs-javafx_pt_BR.jar"/>
        <file crc="827709570" name="modules/locale/org-netbeans-libs-javafx_ru.jar"/>
        <file crc="232246333" name="modules/locale/org-netbeans-libs-javafx_zh_CN.jar"/>
        <file crc="1375849502" name="modules/org-netbeans-libs-javafx.jar"/>
    </module_version>
</module>
