<?xml version="1.0" encoding="UTF-8"?><module codename="org.netbeans.core.ui/1">
    <module_version install_time="1394472213912" last="true" origin="installer" specification_version="1.40.1">
        <file crc="3186674130" name="config/Modules/org-netbeans-core-ui.xml"/>
        <file crc="3529926990" name="modules/locale/org-netbeans-core-ui_ja.jar"/>
        <file crc="237905029" name="modules/locale/org-netbeans-core-ui_pt_BR.jar"/>
        <file crc="670173032" name="modules/locale/org-netbeans-core-ui_ru.jar"/>
        <file crc="785141472" name="modules/locale/org-netbeans-core-ui_zh_CN.jar"/>
        <file crc="3458059277" name="modules/org-netbeans-core-ui.jar"/>
    </module_version>
</module>
