<?xml version="1.0" encoding="UTF-8"?><module codename="org.netbeans.modules.masterfs.linux">
    <module_version install_time="1394471431004" last="true" origin="installer" specification_version="1.9.1">
        <file crc="367044464" name="config/Modules/org-netbeans-modules-masterfs-linux.xml"/>
        <file crc="887390019" name="modules/locale/org-netbeans-modules-masterfs-linux_ja.jar"/>
        <file crc="605242165" name="modules/locale/org-netbeans-modules-masterfs-linux_pt_BR.jar"/>
        <file crc="847180448" name="modules/locale/org-netbeans-modules-masterfs-linux_ru.jar"/>
        <file crc="4157500818" name="modules/locale/org-netbeans-modules-masterfs-linux_zh_CN.jar"/>
        <file crc="1593060239" name="modules/org-netbeans-modules-masterfs-linux.jar"/>
    </module_version>
</module>
