<?xml version="1.0" encoding="UTF-8"?><module codename="org.netbeans.modules.masterfs.nio2">
    <module_version install_time="1394471251679" last="true" origin="installer" specification_version="1.11.1">
        <file crc="1000323626" name="config/Modules/org-netbeans-modules-masterfs-nio2.xml"/>
        <file crc="447154012" name="modules/locale/org-netbeans-modules-masterfs-nio2_ja.jar"/>
        <file crc="832440822" name="modules/locale/org-netbeans-modules-masterfs-nio2_pt_BR.jar"/>
        <file crc="3334512501" name="modules/locale/org-netbeans-modules-masterfs-nio2_ru.jar"/>
        <file crc="2293841921" name="modules/locale/org-netbeans-modules-masterfs-nio2_zh_CN.jar"/>
        <file crc="2305208469" name="modules/org-netbeans-modules-masterfs-nio2.jar"/>
    </module_version>
</module>
