<?xml version="1.0" encoding="UTF-8"?><module codename="org.netbeans.modules.sendopts/2">
    <module_version install_time="1394471495077" last="true" origin="installer" specification_version="2.30.1">
        <file crc="3090052921" name="config/Modules/org-netbeans-modules-sendopts.xml"/>
        <file crc="1810758279" name="modules/locale/org-netbeans-modules-sendopts_ja.jar"/>
        <file crc="3799916145" name="modules/locale/org-netbeans-modules-sendopts_pt_BR.jar"/>
        <file crc="2901571924" name="modules/locale/org-netbeans-modules-sendopts_ru.jar"/>
        <file crc="2385988251" name="modules/locale/org-netbeans-modules-sendopts_zh_CN.jar"/>
        <file crc="2527360939" name="modules/org-netbeans-modules-sendopts.jar"/>
    </module_version>
</module>
