<?xml version="1.0" encoding="UTF-8"?><module codename="org.openide.util">
    <module_version install_time="1394470958569" last="true" origin="installer" specification_version="8.37.1">
        <file crc="3298874072" name="config/ModuleAutoDeps/org-openide-util.xml"/>
        <file crc="11834596" name="lib/locale/org-openide-util_ja.jar"/>
        <file crc="2936573944" name="lib/locale/org-openide-util_pt_BR.jar"/>
        <file crc="2471311258" name="lib/locale/org-openide-util_ru.jar"/>
        <file crc="3707665838" name="lib/locale/org-openide-util_zh_CN.jar"/>
        <file crc="558080666" name="lib/org-openide-util.jar"/>
    </module_version>
</module>
