<?xml version="1.0" encoding="UTF-8"?><module codename="org.netbeans.modules.editor.mimelookup/1">
    <module_version install_time="1394471341398" last="true" origin="installer" specification_version="1.35.1">
        <file crc="244035803" name="config/Modules/org-netbeans-modules-editor-mimelookup.xml"/>
        <file crc="2637713001" name="modules/locale/org-netbeans-modules-editor-mimelookup_ja.jar"/>
        <file crc="1162966005" name="modules/locale/org-netbeans-modules-editor-mimelookup_pt_BR.jar"/>
        <file crc="3456737257" name="modules/locale/org-netbeans-modules-editor-mimelookup_ru.jar"/>
        <file crc="2598535573" name="modules/locale/org-netbeans-modules-editor-mimelookup_zh_CN.jar"/>
        <file crc="1371904750" name="modules/org-netbeans-modules-editor-mimelookup.jar"/>
    </module_version>
</module>
