<?xml version="1.0" encoding="UTF-8"?><module codename="org.netbeans.modules.autoupdate.cli">
    <module_version install_time="1394471607318" last="true" origin="installer" specification_version="1.8.1">
        <file crc="1140292232" name="config/Modules/org-netbeans-modules-autoupdate-cli.xml"/>
        <file crc="1221063370" name="modules/locale/org-netbeans-modules-autoupdate-cli_ja.jar"/>
        <file crc="3147050585" name="modules/locale/org-netbeans-modules-autoupdate-cli_pt_BR.jar"/>
        <file crc="3333465263" name="modules/locale/org-netbeans-modules-autoupdate-cli_ru.jar"/>
        <file crc="3904174280" name="modules/locale/org-netbeans-modules-autoupdate-cli_zh_CN.jar"/>
        <file crc="1366263585" name="modules/org-netbeans-modules-autoupdate-cli.jar"/>
    </module_version>
</module>
