<?xml version="1.0" encoding="UTF-8"?><module codename="org.openide.explorer">
    <module_version install_time="1394471736064" last="true" origin="installer" specification_version="6.56.1">
        <file crc="4044847399" name="config/ModuleAutoDeps/org-openide-explorer.xml"/>
        <file crc="3046209104" name="config/Modules/org-openide-explorer.xml"/>
        <file crc="3792789119" name="modules/locale/org-openide-explorer_ja.jar"/>
        <file crc="99956877" name="modules/locale/org-openide-explorer_pt_BR.jar"/>
        <file crc="2291706735" name="modules/locale/org-openide-explorer_ru.jar"/>
        <file crc="2888024599" name="modules/locale/org-openide-explorer_zh_CN.jar"/>
        <file crc="1023771332" name="modules/org-openide-explorer.jar"/>
    </module_version>
</module>
