<?xml version="1.0" encoding="UTF-8"?><module codename="org.openide.awt">
    <module_version install_time="1394471174462" last="true" origin="installer" specification_version="7.61.1">
        <file crc="3208246121" name="config/Modules/org-openide-awt.xml"/>
        <file crc="966324403" name="modules/locale/org-openide-awt_ja.jar"/>
        <file crc="1147254299" name="modules/locale/org-openide-awt_pt_BR.jar"/>
        <file crc="1431156546" name="modules/locale/org-openide-awt_ru.jar"/>
        <file crc="1469252400" name="modules/locale/org-openide-awt_zh_CN.jar"/>
        <file crc="3762305199" name="modules/org-openide-awt.jar"/>
    </module_version>
</module>
