<?xml version="1.0" encoding="UTF-8"?><module codename="org.netbeans.modules.progress.ui">
    <module_version install_time="1394475389531" last="true" origin="installer" specification_version="1.28.1">
        <file crc="3222128542" name="config/Modules/org-netbeans-modules-progress-ui.xml"/>
        <file crc="3405580513" name="modules/locale/org-netbeans-modules-progress-ui_ja.jar"/>
        <file crc="521559150" name="modules/locale/org-netbeans-modules-progress-ui_pt_BR.jar"/>
        <file crc="3427469268" name="modules/locale/org-netbeans-modules-progress-ui_ru.jar"/>
        <file crc="4287479507" name="modules/locale/org-netbeans-modules-progress-ui_zh_CN.jar"/>
        <file crc="3966126851" name="modules/org-netbeans-modules-progress-ui.jar"/>
    </module_version>
</module>
