<?xml version="1.0" encoding="UTF-8"?><module codename="org.netbeans.modules.utilities.project/1">
    <module_version install_time="1394472103966" last="true" origin="installer" specification_version="1.33.1">
        <file crc="1999945361" name="config/Modules/org-netbeans-modules-utilities-project.xml"/>
        <file crc="447088299" name="modules/locale/org-netbeans-modules-utilities-project_ja.jar"/>
        <file crc="1974448114" name="modules/locale/org-netbeans-modules-utilities-project_pt_BR.jar"/>
        <file crc="72884331" name="modules/locale/org-netbeans-modules-utilities-project_ru.jar"/>
        <file crc="2152541078" name="modules/locale/org-netbeans-modules-utilities-project_zh_CN.jar"/>
        <file crc="999693086" name="modules/org-netbeans-modules-utilities-project.jar"/>
    </module_version>
</module>
