<?xml version="1.0" encoding="UTF-8"?><module codename="org.netbeans.libs.ini4j/1">
    <module_version install_time="1394471114691" last="true" origin="installer" specification_version="1.26.1">
        <file crc="1737694963" name="config/Modules/org-netbeans-libs-ini4j.xml"/>
        <file crc="3972887315" name="modules/ext/ini4j-0.5.1.jar"/>
        <file crc="2329229994" name="modules/locale/org-netbeans-libs-ini4j_ja.jar"/>
        <file crc="827273018" name="modules/locale/org-netbeans-libs-ini4j_pt_BR.jar"/>
        <file crc="1609274172" name="modules/locale/org-netbeans-libs-ini4j_ru.jar"/>
        <file crc="1193010968" name="modules/locale/org-netbeans-libs-ini4j_zh_CN.jar"/>
        <file crc="2022211355" name="modules/org-netbeans-libs-ini4j.jar"/>
    </module_version>
</module>
