<?xml version="1.0" encoding="UTF-8"?><module codename="org.netbeans.modules.localtasks">
    <module_version install_time="1394472883014" last="true" origin="installer" specification_version="1.20.1">
        <file crc="2862236520" name="config/Modules/org-netbeans-modules-localtasks.xml"/>
        <file crc="1019500127" name="modules/locale/org-netbeans-modules-localtasks_ja.jar"/>
        <file crc="2672700006" name="modules/locale/org-netbeans-modules-localtasks_pt_BR.jar"/>
        <file crc="2415253667" name="modules/locale/org-netbeans-modules-localtasks_ru.jar"/>
        <file crc="3735169906" name="modules/locale/org-netbeans-modules-localtasks_zh_CN.jar"/>
        <file crc="1009807264" name="modules/org-netbeans-modules-localtasks.jar"/>
    </module_version>
</module>
