<?xml version="1.0" encoding="UTF-8"?><module codename="org.netbeans.modules.editor.bracesmatching/0">
    <module_version install_time="1394472577265" last="true" origin="installer" specification_version="1.33.1.43">
        <file crc="3381231321" name="config/Modules/org-netbeans-modules-editor-bracesmatching.xml"/>
        <file crc="4140996792" name="modules/locale/org-netbeans-modules-editor-bracesmatching_ja.jar"/>
        <file crc="2167635455" name="modules/locale/org-netbeans-modules-editor-bracesmatching_pt_BR.jar"/>
        <file crc="1430920658" name="modules/locale/org-netbeans-modules-editor-bracesmatching_ru.jar"/>
        <file crc="406973881" name="modules/locale/org-netbeans-modules-editor-bracesmatching_zh_CN.jar"/>
        <file crc="649863558" name="modules/org-netbeans-modules-editor-bracesmatching.jar"/>
    </module_version>
</module>
