<?xml version="1.0" encoding="UTF-8"?><module codename="org.netbeans.modules.editor.indent/2">
    <module_version install_time="1394471393018" last="true" origin="installer" specification_version="1.36.1">
        <file crc="915460559" name="config/Modules/org-netbeans-modules-editor-indent.xml"/>
        <file crc="3897644186" name="modules/locale/org-netbeans-modules-editor-indent_ja.jar"/>
        <file crc="1433602013" name="modules/locale/org-netbeans-modules-editor-indent_pt_BR.jar"/>
        <file crc="2071661510" name="modules/locale/org-netbeans-modules-editor-indent_ru.jar"/>
        <file crc="666026307" name="modules/locale/org-netbeans-modules-editor-indent_zh_CN.jar"/>
        <file crc="1200606017" name="modules/org-netbeans-modules-editor-indent.jar"/>
    </module_version>
</module>
