<?xml version="1.0" encoding="UTF-8"?><module codename="org.netbeans.modules.editor.util/1">
    <module_version install_time="1394470563008" last="true" origin="installer" specification_version="1.57.1">
        <file crc="1365010955" name="config/Modules/org-netbeans-modules-editor-util.xml"/>
        <file crc="2809427668" name="modules/locale/org-netbeans-modules-editor-util_ja.jar"/>
        <file crc="2140150089" name="modules/locale/org-netbeans-modules-editor-util_pt_BR.jar"/>
        <file crc="3244453933" name="modules/locale/org-netbeans-modules-editor-util_ru.jar"/>
        <file crc="4133148649" name="modules/locale/org-netbeans-modules-editor-util_zh_CN.jar"/>
        <file crc="1647564863" name="modules/org-netbeans-modules-editor-util.jar"/>
    </module_version>
</module>
