<?xml version="1.0" encoding="UTF-8"?><module codename="org.netbeans.modules.html.custom">
    <module_version install_time="1394474194195" last="true" origin="installer" specification_version="1.1.1">
        <file crc="1621603481" name="config/Modules/org-netbeans-modules-html-custom.xml"/>
        <file crc="555516199" name="modules/locale/org-netbeans-modules-html-custom_ja.jar"/>
        <file crc="1662714789" name="modules/locale/org-netbeans-modules-html-custom_pt_BR.jar"/>
        <file crc="3756375416" name="modules/locale/org-netbeans-modules-html-custom_ru.jar"/>
        <file crc="588983941" name="modules/locale/org-netbeans-modules-html-custom_zh_CN.jar"/>
        <file crc="264857529" name="modules/org-netbeans-modules-html-custom.jar"/>
    </module_version>
</module>
