<?xml version="1.0" encoding="UTF-8"?><module codename="org.netbeans.modules.editor.completion/1">
    <module_version install_time="1394472571312" last="true" origin="installer" specification_version="1.39.1.2">
        <file crc="1327033579" name="config/Modules/org-netbeans-modules-editor-completion.xml"/>
        <file crc="2038294854" name="modules/locale/org-netbeans-modules-editor-completion_ja.jar"/>
        <file crc="3560401293" name="modules/locale/org-netbeans-modules-editor-completion_pt_BR.jar"/>
        <file crc="1016984235" name="modules/locale/org-netbeans-modules-editor-completion_ru.jar"/>
        <file crc="1230155825" name="modules/locale/org-netbeans-modules-editor-completion_zh_CN.jar"/>
        <file crc="2968732100" name="modules/org-netbeans-modules-editor-completion.jar"/>
    </module_version>
</module>
