<?xml version="1.0" encoding="UTF-8"?><module codename="org.netbeans.modules.bugtracking.commons">
    <module_version install_time="1394472181391" last="true" origin="installer" specification_version="1.2.1">
        <file crc="3857188681" name="config/Modules/org-netbeans-modules-bugtracking-commons.xml"/>
        <file crc="3065490489" name="modules/locale/org-netbeans-modules-bugtracking-commons_ja.jar"/>
        <file crc="3887128271" name="modules/locale/org-netbeans-modules-bugtracking-commons_pt_BR.jar"/>
        <file crc="3699573733" name="modules/locale/org-netbeans-modules-bugtracking-commons_ru.jar"/>
        <file crc="2045904969" name="modules/locale/org-netbeans-modules-bugtracking-commons_zh_CN.jar"/>
        <file crc="185480489" name="modules/org-netbeans-modules-bugtracking-commons.jar"/>
    </module_version>
</module>
