<?xml version="1.0" encoding="UTF-8"?><module codename="org.netbeans.modules.editor.lib/3">
    <module_version install_time="1394472424761" last="true" origin="installer" specification_version="3.48.1.22.43">
        <file crc="868643042" name="config/ModuleAutoDeps/org-netbeans-modules-editor-lib.xml"/>
        <file crc="3017052692" name="config/Modules/org-netbeans-modules-editor-lib.xml"/>
        <file crc="1823249082" name="modules/locale/org-netbeans-modules-editor-lib_ja.jar"/>
        <file crc="3156406669" name="modules/locale/org-netbeans-modules-editor-lib_pt_BR.jar"/>
        <file crc="1918646669" name="modules/locale/org-netbeans-modules-editor-lib_ru.jar"/>
        <file crc="3910951767" name="modules/locale/org-netbeans-modules-editor-lib_zh_CN.jar"/>
        <file crc="2387739777" name="modules/org-netbeans-modules-editor-lib.jar"/>
    </module_version>
</module>
