<?xml version="1.0" encoding="UTF-8"?><module codename="org.netbeans.core.multitabs.project">
    <module_version install_time="1394472820187" last="true" origin="installer" specification_version="1.5.1.1.1">
        <file crc="3119371406" name="config/Modules/org-netbeans-core-multitabs-project.xml"/>
        <file crc="3703828490" name="modules/locale/org-netbeans-core-multitabs-project_ja.jar"/>
        <file crc="332954166" name="modules/locale/org-netbeans-core-multitabs-project_pt_BR.jar"/>
        <file crc="2237198719" name="modules/locale/org-netbeans-core-multitabs-project_ru.jar"/>
        <file crc="228476948" name="modules/locale/org-netbeans-core-multitabs-project_zh_CN.jar"/>
        <file crc="126929474" name="modules/org-netbeans-core-multitabs-project.jar"/>
    </module_version>
</module>
