<?xml version="1.0" encoding="UTF-8"?><module codename="org.netbeans.modules.extexecution/2">
    <module_version install_time="1394471419571" last="true" origin="installer" specification_version="1.41.1">
        <file crc="3522709403" name="config/Modules/org-netbeans-modules-extexecution.xml"/>
        <file crc="3544641335" name="modules/locale/org-netbeans-modules-extexecution_ja.jar"/>
        <file crc="4214767012" name="modules/locale/org-netbeans-modules-extexecution_pt_BR.jar"/>
        <file crc="2112718142" name="modules/locale/org-netbeans-modules-extexecution_ru.jar"/>
        <file crc="529967276" name="modules/locale/org-netbeans-modules-extexecution_zh_CN.jar"/>
        <file crc="1978469052" name="modules/org-netbeans-modules-extexecution.jar"/>
    </module_version>
</module>
