<?xml version="1.0" encoding="UTF-8"?><module codename="org.netbeans.modules.projectui">
    <module_version install_time="1394472221724" last="true" origin="installer" specification_version="1.52.1.8">
        <file crc="160952363" name="config/Modules/org-netbeans-modules-projectui.xml"/>
        <file crc="1864106309" name="modules/locale/org-netbeans-modules-projectui_ja.jar"/>
        <file crc="4245700150" name="modules/locale/org-netbeans-modules-projectui_pt_BR.jar"/>
        <file crc="1678974096" name="modules/locale/org-netbeans-modules-projectui_ru.jar"/>
        <file crc="2487456167" name="modules/locale/org-netbeans-modules-projectui_zh_CN.jar"/>
        <file crc="3247083356" name="modules/org-netbeans-modules-projectui.jar"/>
    </module_version>
</module>
