<?xml version="1.0" encoding="UTF-8"?><module codename="org.netbeans.modules.html.angular">
    <module_version install_time="1394474171418" last="true" origin="installer" specification_version="1.6.1">
        <file crc="2127269519" name="config/Modules/org-netbeans-modules-html-angular.xml"/>
        <file crc="3756482169" name="modules/locale/org-netbeans-modules-html-angular_ja.jar"/>
        <file crc="792503024" name="modules/locale/org-netbeans-modules-html-angular_pt_BR.jar"/>
        <file crc="1102671398" name="modules/locale/org-netbeans-modules-html-angular_ru.jar"/>
        <file crc="1680615724" name="modules/locale/org-netbeans-modules-html-angular_zh_CN.jar"/>
        <file crc="3584091747" name="modules/org-netbeans-modules-html-angular.jar"/>
    </module_version>
</module>
