<?xml version="1.0" encoding="UTF-8"?><module codename="org.netbeans.modules.defaults/1">
    <module_version install_time="1394470557956" last="true" origin="installer" specification_version="1.27.1">
        <file crc="1152392083" name="config/Modules/org-netbeans-modules-defaults.xml"/>
        <file crc="3089763599" name="modules/locale/org-netbeans-modules-defaults_ja.jar"/>
        <file crc="109391943" name="modules/locale/org-netbeans-modules-defaults_pt_BR.jar"/>
        <file crc="1784265836" name="modules/locale/org-netbeans-modules-defaults_ru.jar"/>
        <file crc="348967170" name="modules/locale/org-netbeans-modules-defaults_zh_CN.jar"/>
        <file crc="1994076557" name="modules/org-netbeans-modules-defaults.jar"/>
    </module_version>
</module>
