<?xml version="1.0" encoding="UTF-8"?><module codename="org.netbeans.modules.javascript2.editor/1">
    <module_version install_time="1394474158476" last="true" origin="installer" specification_version="0.36.1">
        <file crc="558913452" name="config/Modules/org-netbeans-modules-javascript2-editor.xml"/>
        <file crc="259156999" name="jsstubs/corestubs.zip"/>
        <file crc="803976797" name="jsstubs/domstubs.zip"/>
        <file crc="867902157" name="jsstubs/reststubs.zip"/>
        <file crc="135505603" name="modules/locale/org-netbeans-modules-javascript2-editor_ja.jar"/>
        <file crc="1338223985" name="modules/locale/org-netbeans-modules-javascript2-editor_pt_BR.jar"/>
        <file crc="3085643195" name="modules/locale/org-netbeans-modules-javascript2-editor_ru.jar"/>
        <file crc="1986523745" name="modules/locale/org-netbeans-modules-javascript2-editor_zh_CN.jar"/>
        <file crc="2904639934" name="modules/org-netbeans-modules-javascript2-editor.jar"/>
    </module_version>
</module>
