<?xml version="1.0" encoding="UTF-8"?><module codename="org.netbeans.modules.web.webkit.debugging">
    <module_version install_time="1394471832730" last="true" origin="installer" specification_version="1.31.1">
        <file crc="1453935863" name="config/Modules/org-netbeans-modules-web-webkit-debugging.xml"/>
        <file crc="124695109" name="modules/locale/org-netbeans-modules-web-webkit-debugging_ja.jar"/>
        <file crc="2487587600" name="modules/locale/org-netbeans-modules-web-webkit-debugging_pt_BR.jar"/>
        <file crc="2464135139" name="modules/locale/org-netbeans-modules-web-webkit-debugging_ru.jar"/>
        <file crc="2090652909" name="modules/locale/org-netbeans-modules-web-webkit-debugging_zh_CN.jar"/>
        <file crc="1631768559" name="modules/org-netbeans-modules-web-webkit-debugging.jar"/>
    </module_version>
</module>
