<?xml version="1.0" encoding="UTF-8"?><module codename="org.netbeans.modules.javascript2.debug/1">
    <module_version install_time="1394472639217" last="true" origin="installer" specification_version="1.2.1">
        <file crc="511563402" name="config/Modules/org-netbeans-modules-javascript2-debug.xml"/>
        <file crc="699886727" name="modules/locale/org-netbeans-modules-javascript2-debug_ja.jar"/>
        <file crc="73282731" name="modules/locale/org-netbeans-modules-javascript2-debug_pt_BR.jar"/>
        <file crc="625300428" name="modules/locale/org-netbeans-modules-javascript2-debug_ru.jar"/>
        <file crc="2482337898" name="modules/locale/org-netbeans-modules-javascript2-debug_zh_CN.jar"/>
        <file crc="1721248229" name="modules/org-netbeans-modules-javascript2-debug.jar"/>
    </module_version>
</module>
