<?xml version="1.0" encoding="UTF-8"?><module codename="org.netbeans.modules.javascript2.extjs">
    <module_version install_time="1394474165655" last="true" origin="installer" specification_version="1.3.1">
        <file crc="327769706" name="config/Modules/org-netbeans-modules-javascript2-extjs.xml"/>
        <file crc="1847760818" name="docs/extjs-properties.xml"/>
        <file crc="3498500052" name="modules/locale/org-netbeans-modules-javascript2-extjs_ja.jar"/>
        <file crc="2456483708" name="modules/locale/org-netbeans-modules-javascript2-extjs_pt_BR.jar"/>
        <file crc="4247352321" name="modules/locale/org-netbeans-modules-javascript2-extjs_ru.jar"/>
        <file crc="132071318" name="modules/locale/org-netbeans-modules-javascript2-extjs_zh_CN.jar"/>
        <file crc="2084187222" name="modules/org-netbeans-modules-javascript2-extjs.jar"/>
    </module_version>
</module>
