<?xml version="1.0" encoding="UTF-8"?><module codename="org.netbeans.modules.editor.plain/2">
    <module_version install_time="1394472601518" last="true" origin="installer" specification_version="1.30.1">
        <file crc="977811071" name="config/Modules/org-netbeans-modules-editor-plain.xml"/>
        <file crc="1194690870" name="modules/locale/org-netbeans-modules-editor-plain_ja.jar"/>
        <file crc="2905046894" name="modules/locale/org-netbeans-modules-editor-plain_pt_BR.jar"/>
        <file crc="1931059312" name="modules/locale/org-netbeans-modules-editor-plain_ru.jar"/>
        <file crc="2008310816" name="modules/locale/org-netbeans-modules-editor-plain_zh_CN.jar"/>
        <file crc="657084222" name="modules/org-netbeans-modules-editor-plain.jar"/>
    </module_version>
</module>
