<?xml version="1.0" encoding="UTF-8"?><module codename="org.netbeans.modules.mercurial">
    <module_version install_time="1394475612939" last="true" origin="installer" specification_version="1.36.1.42.1">
        <file crc="2345571929" name="config/Modules/org-netbeans-modules-mercurial.xml"/>
        <file crc="2206707742" name="modules/locale/org-netbeans-modules-mercurial_ja.jar"/>
        <file crc="1463550892" name="modules/locale/org-netbeans-modules-mercurial_pt_BR.jar"/>
        <file crc="2077572765" name="modules/locale/org-netbeans-modules-mercurial_ru.jar"/>
        <file crc="1962548736" name="modules/locale/org-netbeans-modules-mercurial_zh_CN.jar"/>
        <file crc="2369833118" name="modules/org-netbeans-modules-mercurial.jar"/>
    </module_version>
</module>
