<?xml version="1.0" encoding="UTF-8"?><module codename="org.netbeans.modules.lexer.nbbridge/1">
    <module_version install_time="1394471466614" last="true" origin="installer" specification_version="1.27.1.1">
        <file crc="1332987720" name="config/Modules/org-netbeans-modules-lexer-nbbridge.xml"/>
        <file crc="2563327604" name="modules/locale/org-netbeans-modules-lexer-nbbridge_ja.jar"/>
        <file crc="2886320192" name="modules/locale/org-netbeans-modules-lexer-nbbridge_pt_BR.jar"/>
        <file crc="3161028778" name="modules/locale/org-netbeans-modules-lexer-nbbridge_ru.jar"/>
        <file crc="4259327429" name="modules/locale/org-netbeans-modules-lexer-nbbridge_zh_CN.jar"/>
        <file crc="1128639539" name="modules/org-netbeans-modules-lexer-nbbridge.jar"/>
    </module_version>
</module>
