<?xml version="1.0" encoding="UTF-8"?><module codename="org.netbeans.modules.css.prep">
    <module_version install_time="1394474094427" last="true" origin="installer" specification_version="1.20.1">
        <file crc="3126003007" name="config/Modules/org-netbeans-modules-css-prep.xml"/>
        <file crc="2001817527" name="modules/locale/org-netbeans-modules-css-prep_ja.jar"/>
        <file crc="2431371797" name="modules/locale/org-netbeans-modules-css-prep_pt_BR.jar"/>
        <file crc="644782707" name="modules/locale/org-netbeans-modules-css-prep_ru.jar"/>
        <file crc="2602440560" name="modules/locale/org-netbeans-modules-css-prep_zh_CN.jar"/>
        <file crc="3139047622" name="modules/org-netbeans-modules-css-prep.jar"/>
    </module_version>
</module>
