<?xml version="1.0" encoding="UTF-8"?><module codename="org.netbeans.modules.hudson.ui">
    <module_version install_time="1394474533047" last="true" origin="installer" specification_version="1.5.1">
        <file crc="1047368178" name="config/Modules/org-netbeans-modules-hudson-ui.xml"/>
        <file crc="4246989726" name="modules/locale/org-netbeans-modules-hudson-ui_ja.jar"/>
        <file crc="3869346657" name="modules/locale/org-netbeans-modules-hudson-ui_pt_BR.jar"/>
        <file crc="192400025" name="modules/locale/org-netbeans-modules-hudson-ui_ru.jar"/>
        <file crc="4235127183" name="modules/locale/org-netbeans-modules-hudson-ui_zh_CN.jar"/>
        <file crc="330655127" name="modules/org-netbeans-modules-hudson-ui.jar"/>
    </module_version>
</module>
