<?xml version="1.0" encoding="UTF-8"?><module codename="org.netbeans.modules.editor.actions/1">
    <module_version install_time="1394472438503" last="true" origin="installer" specification_version="1.25.1.43">
        <file crc="992536293" name="config/Modules/org-netbeans-modules-editor-actions.xml"/>
        <file crc="225996741" name="modules/locale/org-netbeans-modules-editor-actions_ja.jar"/>
        <file crc="3405217486" name="modules/locale/org-netbeans-modules-editor-actions_pt_BR.jar"/>
        <file crc="365334882" name="modules/locale/org-netbeans-modules-editor-actions_ru.jar"/>
        <file crc="2725804564" name="modules/locale/org-netbeans-modules-editor-actions_zh_CN.jar"/>
        <file crc="1086962509" name="modules/org-netbeans-modules-editor-actions.jar"/>
    </module_version>
</module>
