<?xml version="1.0" encoding="UTF-8"?><module codename="org.netbeans.modules.notifications">
    <module_version install_time="1394472894420" last="true" origin="installer" specification_version="1.3.1">
        <file crc="3812408449" name="config/Modules/org-netbeans-modules-notifications.xml"/>
        <file crc="1222808346" name="modules/locale/org-netbeans-modules-notifications_ja.jar"/>
        <file crc="1530945564" name="modules/locale/org-netbeans-modules-notifications_pt_BR.jar"/>
        <file crc="1090524010" name="modules/locale/org-netbeans-modules-notifications_ru.jar"/>
        <file crc="1552789431" name="modules/locale/org-netbeans-modules-notifications_zh_CN.jar"/>
        <file crc="294696251" name="modules/org-netbeans-modules-notifications.jar"/>
    </module_version>
</module>
