<?xml version="1.0" encoding="UTF-8"?><module codename="org.netbeans.modules.javascript2.knockout">
    <module_version install_time="1394474177137" last="true" origin="installer" specification_version="1.3.1">
        <file crc="948706112" name="config/Modules/org-netbeans-modules-javascript2-knockout.xml"/>
        <file crc="161094178" name="modules/locale/org-netbeans-modules-javascript2-knockout_ja.jar"/>
        <file crc="3128286172" name="modules/locale/org-netbeans-modules-javascript2-knockout_pt_BR.jar"/>
        <file crc="2061940020" name="modules/locale/org-netbeans-modules-javascript2-knockout_ru.jar"/>
        <file crc="1537275097" name="modules/locale/org-netbeans-modules-javascript2-knockout_zh_CN.jar"/>
        <file crc="1878288178" name="modules/org-netbeans-modules-javascript2-knockout.jar"/>
    </module_version>
</module>
