<?xml version="1.0" encoding="UTF-8"?><module codename="org.netbeans.modules.css.model">
    <module_version install_time="1394474079098" last="true" origin="installer" specification_version="1.26.1">
        <file crc="2341832687" name="config/Modules/org-netbeans-modules-css-model.xml"/>
        <file crc="2954983500" name="modules/locale/org-netbeans-modules-css-model_ja.jar"/>
        <file crc="2452037789" name="modules/locale/org-netbeans-modules-css-model_pt_BR.jar"/>
        <file crc="2844444020" name="modules/locale/org-netbeans-modules-css-model_ru.jar"/>
        <file crc="3622364773" name="modules/locale/org-netbeans-modules-css-model_zh_CN.jar"/>
        <file crc="2498303148" name="modules/org-netbeans-modules-css-model.jar"/>
    </module_version>
</module>
