<?xml version="1.0" encoding="UTF-8"?><module codename="org.netbeans.core.browser.webview/1">
    <module_version install_time="1394474215731" last="true" origin="installer" specification_version="1.10.1.1.1">
        <file crc="3521071986" name="config/Modules/org-netbeans-core-browser-webview.xml"/>
        <file crc="3268153563" name="modules/locale/org-netbeans-core-browser-webview_ja.jar"/>
        <file crc="325421949" name="modules/locale/org-netbeans-core-browser-webview_pt_BR.jar"/>
        <file crc="953710834" name="modules/locale/org-netbeans-core-browser-webview_ru.jar"/>
        <file crc="1391601090" name="modules/locale/org-netbeans-core-browser-webview_zh_CN.jar"/>
        <file crc="2282944847" name="modules/org-netbeans-core-browser-webview.jar"/>
    </module_version>
</module>
