<?xml version="1.0" encoding="UTF-8"?><module codename="org.netbeans.modules.versioning.ui/1">
    <module_version install_time="1394475664458" last="true" origin="installer" specification_version="1.17.1.42.1">
        <file crc="2449584977" name="config/Modules/org-netbeans-modules-versioning-ui.xml"/>
        <file crc="28732895" name="modules/locale/org-netbeans-modules-versioning-ui_ja.jar"/>
        <file crc="3830979889" name="modules/locale/org-netbeans-modules-versioning-ui_pt_BR.jar"/>
        <file crc="181845878" name="modules/locale/org-netbeans-modules-versioning-ui_ru.jar"/>
        <file crc="2902477858" name="modules/locale/org-netbeans-modules-versioning-ui_zh_CN.jar"/>
        <file crc="638368165" name="modules/org-netbeans-modules-versioning-ui.jar"/>
    </module_version>
</module>
