<?xml version="1.0" encoding="UTF-8"?><module codename="org.netbeans.modules.html.knockout">
    <module_version install_time="1394474371696" last="true" origin="installer" specification_version="1.5.1">
        <file crc="2460442410" name="config/Modules/org-netbeans-modules-html-knockout.xml"/>
        <file crc="3835562229" name="modules/locale/org-netbeans-modules-html-knockout_ja.jar"/>
        <file crc="1951064715" name="modules/locale/org-netbeans-modules-html-knockout_pt_BR.jar"/>
        <file crc="2646820640" name="modules/locale/org-netbeans-modules-html-knockout_ru.jar"/>
        <file crc="671805974" name="modules/locale/org-netbeans-modules-html-knockout_zh_CN.jar"/>
        <file crc="2793404636" name="modules/org-netbeans-modules-html-knockout.jar"/>
    </module_version>
</module>
