<?xml version="1.0" encoding="UTF-8"?><module codename="org.netbeans.modules.versioning.masterfs">
    <module_version install_time="1394475561631" last="true" origin="installer" specification_version="1.9.1">
        <file crc="1388890639" name="config/Modules/org-netbeans-modules-versioning-masterfs.xml"/>
        <file crc="1537930954" name="modules/locale/org-netbeans-modules-versioning-masterfs_ja.jar"/>
        <file crc="996826976" name="modules/locale/org-netbeans-modules-versioning-masterfs_pt_BR.jar"/>
        <file crc="1039145751" name="modules/locale/org-netbeans-modules-versioning-masterfs_ru.jar"/>
        <file crc="2410911125" name="modules/locale/org-netbeans-modules-versioning-masterfs_zh_CN.jar"/>
        <file crc="1965492633" name="modules/org-netbeans-modules-versioning-masterfs.jar"/>
    </module_version>
</module>
