<?xml version="1.0" encoding="UTF-8"?><module codename="org.netbeans.modules.web.browser.api">
    <module_version install_time="1394474129410" last="true" origin="installer" specification_version="1.37.1">
        <file crc="2917176736" name="config/Modules/org-netbeans-modules-web-browser-api.xml"/>
        <file crc="1384556072" name="modules/locale/org-netbeans-modules-web-browser-api_ja.jar"/>
        <file crc="3924562495" name="modules/locale/org-netbeans-modules-web-browser-api_pt_BR.jar"/>
        <file crc="3945913371" name="modules/locale/org-netbeans-modules-web-browser-api_ru.jar"/>
        <file crc="1114254146" name="modules/locale/org-netbeans-modules-web-browser-api_zh_CN.jar"/>
        <file crc="292396154" name="modules/org-netbeans-modules-web-browser-api.jar"/>
    </module_version>
</module>
