<?xml version="1.0" encoding="UTF-8"?><module codename="org.netbeans.modules.mylyn.util">
    <module_version install_time="1394472175386" last="true" origin="installer" specification_version="1.27.1">
        <file crc="1042579023" name="config/Modules/org-netbeans-modules-mylyn-util.xml"/>
        <file crc="695344623" name="modules/locale/org-netbeans-modules-mylyn-util_ja.jar"/>
        <file crc="1148864153" name="modules/locale/org-netbeans-modules-mylyn-util_pt_BR.jar"/>
        <file crc="3154572879" name="modules/locale/org-netbeans-modules-mylyn-util_ru.jar"/>
        <file crc="3691566251" name="modules/locale/org-netbeans-modules-mylyn-util_zh_CN.jar"/>
        <file crc="1929088419" name="modules/org-netbeans-modules-mylyn-util.jar"/>
    </module_version>
</module>
