<?xml version="1.0" encoding="UTF-8"?><module codename="org.netbeans.modules.parsing.ui">
    <module_version install_time="1394472665046" last="true" origin="installer" specification_version="1.9.1">
        <file crc="1714928911" name="config/Modules/org-netbeans-modules-parsing-ui.xml"/>
        <file crc="111018258" name="modules/locale/org-netbeans-modules-parsing-ui_ja.jar"/>
        <file crc="3683571393" name="modules/locale/org-netbeans-modules-parsing-ui_pt_BR.jar"/>
        <file crc="3474621408" name="modules/locale/org-netbeans-modules-parsing-ui_ru.jar"/>
        <file crc="4160443673" name="modules/locale/org-netbeans-modules-parsing-ui_zh_CN.jar"/>
        <file crc="984181271" name="modules/org-netbeans-modules-parsing-ui.jar"/>
    </module_version>
</module>
