<?xml version="1.0" encoding="UTF-8"?><module codename="org.netbeans.modules.editor.bookmarks/1">
    <module_version install_time="1394473011756" last="true" origin="installer" specification_version="1.32.1">
        <file crc="3233569121" name="config/Modules/org-netbeans-modules-editor-bookmarks.xml"/>
        <file crc="2007381971" name="modules/locale/org-netbeans-modules-editor-bookmarks_ja.jar"/>
        <file crc="1268325168" name="modules/locale/org-netbeans-modules-editor-bookmarks_pt_BR.jar"/>
        <file crc="3125947014" name="modules/locale/org-netbeans-modules-editor-bookmarks_ru.jar"/>
        <file crc="1706693514" name="modules/locale/org-netbeans-modules-editor-bookmarks_zh_CN.jar"/>
        <file crc="151024389" name="modules/org-netbeans-modules-editor-bookmarks.jar"/>
    </module_version>
</module>
