<?xml version="1.0" encoding="UTF-8"?><module codename="org.netbeans.modules.team.ide">
    <module_version install_time="1394475598768" last="true" origin="installer" specification_version="1.8.1">
        <file crc="2935218928" name="config/Modules/org-netbeans-modules-team-ide.xml"/>
        <file crc="234732888" name="modules/locale/org-netbeans-modules-team-ide_ja.jar"/>
        <file crc="1575648164" name="modules/locale/org-netbeans-modules-team-ide_pt_BR.jar"/>
        <file crc="2314499213" name="modules/locale/org-netbeans-modules-team-ide_ru.jar"/>
        <file crc="362250171" name="modules/locale/org-netbeans-modules-team-ide_zh_CN.jar"/>
        <file crc="2266683122" name="modules/org-netbeans-modules-team-ide.jar"/>
    </module_version>
</module>
