<?xml version="1.0" encoding="UTF-8"?><module codename="org.netbeans.libs.nashorn/1">
    <module_version install_time="1394470157175" last="true" origin="installer" specification_version="1.15.1">
        <file crc="250435371" name="config/Modules/org-netbeans-libs-nashorn.xml"/>
        <file crc="2239879820" name="modules/ext/asm-all-4.0.jar"/>
        <file crc="943156514" name="modules/ext/nashorn-02f810c26ff9-patched.jar"/>
        <file crc="364466290" name="modules/locale/org-netbeans-libs-nashorn_ja.jar"/>
        <file crc="1925297048" name="modules/locale/org-netbeans-libs-nashorn_pt_BR.jar"/>
        <file crc="2925662333" name="modules/locale/org-netbeans-libs-nashorn_ru.jar"/>
        <file crc="219891501" name="modules/locale/org-netbeans-libs-nashorn_zh_CN.jar"/>
        <file crc="243750338" name="modules/org-netbeans-libs-nashorn.jar"/>
    </module_version>
</module>
