<?xml version="1.0" encoding="UTF-8"?><module codename="org.netbeans.modules.versioning.core/1">
    <module_version install_time="1394475555621" last="true" origin="installer" specification_version="1.20.1.1.42">
        <file crc="104118620" name="config/Modules/org-netbeans-modules-versioning-core.xml"/>
        <file crc="1413953342" name="modules/locale/org-netbeans-modules-versioning-core_ja.jar"/>
        <file crc="2677671431" name="modules/locale/org-netbeans-modules-versioning-core_pt_BR.jar"/>
        <file crc="3408185554" name="modules/locale/org-netbeans-modules-versioning-core_ru.jar"/>
        <file crc="1707612595" name="modules/locale/org-netbeans-modules-versioning-core_zh_CN.jar"/>
        <file crc="1110905600" name="modules/org-netbeans-modules-versioning-core.jar"/>
    </module_version>
</module>
