<?xml version="1.0" encoding="UTF-8"?><module codename="org.netbeans.modules.javascript2.kit/1">
    <module_version install_time="1394474188653" last="true" origin="installer" specification_version="0.8.1">
        <file crc="552371641" name="config/Modules/org-netbeans-modules-javascript2-kit.xml"/>
        <file crc="2871289600" name="modules/locale/org-netbeans-modules-javascript2-kit_ja.jar"/>
        <file crc="272728074" name="modules/locale/org-netbeans-modules-javascript2-kit_pt_BR.jar"/>
        <file crc="277921374" name="modules/locale/org-netbeans-modules-javascript2-kit_ru.jar"/>
        <file crc="1427600380" name="modules/locale/org-netbeans-modules-javascript2-kit_zh_CN.jar"/>
        <file crc="4239739455" name="modules/org-netbeans-modules-javascript2-kit.jar"/>
    </module_version>
</module>
