<?xml version="1.0" encoding="UTF-8"?><module codename="org.netbeans.libs.lucene/3">
    <module_version install_time="1394470148712" last="true" origin="installer" specification_version="3.15.1">
        <file crc="2359018399" name="config/Modules/org-netbeans-libs-lucene.xml"/>
        <file crc="1747170532" name="modules/ext/lucene-core-3.5.0.jar"/>
        <file crc="1383434843" name="modules/locale/org-netbeans-libs-lucene_ja.jar"/>
        <file crc="1535453976" name="modules/locale/org-netbeans-libs-lucene_pt_BR.jar"/>
        <file crc="2881799143" name="modules/locale/org-netbeans-libs-lucene_ru.jar"/>
        <file crc="2242537363" name="modules/locale/org-netbeans-libs-lucene_zh_CN.jar"/>
        <file crc="2493695221" name="modules/org-netbeans-libs-lucene.jar"/>
    </module_version>
</module>
