<?xml version="1.0" encoding="UTF-8"?><module codename="org.netbeans.modules.lexer/2">
    <module_version install_time="1394471126866" last="true" origin="installer" specification_version="1.58.1.1">
        <file crc="3425354387" name="config/Modules/org-netbeans-modules-lexer.xml"/>
        <file crc="2255581339" name="modules/locale/org-netbeans-modules-lexer_ja.jar"/>
        <file crc="1313283306" name="modules/locale/org-netbeans-modules-lexer_pt_BR.jar"/>
        <file crc="3736376540" name="modules/locale/org-netbeans-modules-lexer_ru.jar"/>
        <file crc="1825111078" name="modules/locale/org-netbeans-modules-lexer_zh_CN.jar"/>
        <file crc="1043803608" name="modules/org-netbeans-modules-lexer.jar"/>
    </module_version>
</module>
