<?xml version="1.0" encoding="UTF-8"?><module codename="org.netbeans.modules.versioning/1">
    <module_version install_time="1394475572449" last="true" origin="installer" specification_version="1.42.1.1">
        <file crc="1304028038" name="config/Modules/org-netbeans-modules-versioning.xml"/>
        <file crc="2008582652" name="modules/locale/org-netbeans-modules-versioning_ja.jar"/>
        <file crc="1664889929" name="modules/locale/org-netbeans-modules-versioning_pt_BR.jar"/>
        <file crc="392328082" name="modules/locale/org-netbeans-modules-versioning_ru.jar"/>
        <file crc="1931811609" name="modules/locale/org-netbeans-modules-versioning_zh_CN.jar"/>
        <file crc="471466607" name="modules/org-netbeans-modules-versioning.jar"/>
    </module_version>
</module>
