<?xml version="1.0" encoding="UTF-8"?><module codename="org.netbeans.modules.team.commons">
    <module_version install_time="1394472141001" last="true" origin="installer" specification_version="1.40.1">
        <file crc="3477206803" name="config/Modules/org-netbeans-modules-team-commons.xml"/>
        <file crc="2253559745" name="modules/locale/org-netbeans-modules-team-commons_ja.jar"/>
        <file crc="1883112213" name="modules/locale/org-netbeans-modules-team-commons_pt_BR.jar"/>
        <file crc="2313258635" name="modules/locale/org-netbeans-modules-team-commons_ru.jar"/>
        <file crc="116685169" name="modules/locale/org-netbeans-modules-team-commons_zh_CN.jar"/>
        <file crc="1021582533" name="modules/org-netbeans-modules-team-commons.jar"/>
    </module_version>
</module>
