<?xml version="1.0" encoding="UTF-8"?><module codename="org.netbeans.modules.versioning.util">
    <module_version install_time="1394475579510" last="true" origin="installer" specification_version="1.57.1.42.1">
        <file crc="3825279354" name="config/Modules/org-netbeans-modules-versioning-util.xml"/>
        <file crc="3517662985" name="modules/locale/org-netbeans-modules-versioning-util_ja.jar"/>
        <file crc="1834055808" name="modules/locale/org-netbeans-modules-versioning-util_pt_BR.jar"/>
        <file crc="3630808160" name="modules/locale/org-netbeans-modules-versioning-util_ru.jar"/>
        <file crc="3989450637" name="modules/locale/org-netbeans-modules-versioning-util_zh_CN.jar"/>
        <file crc="2487428905" name="modules/org-netbeans-modules-versioning-util.jar"/>
    </module_version>
</module>
