<?xml version="1.0" encoding="UTF-8"?><module codename="org.netbeans.libs.json_simple/1">
    <module_version install_time="1394470128867" last="true" origin="installer" specification_version="0.8.1">
        <file crc="1407381065" name="config/Modules/org-netbeans-libs-json_simple.xml"/>
        <file crc="1828924912" name="modules/ext/json-simple-1.1.1.jar"/>
        <file crc="1977022900" name="modules/locale/org-netbeans-libs-json_simple_ja.jar"/>
        <file crc="2922536690" name="modules/locale/org-netbeans-libs-json_simple_pt_BR.jar"/>
        <file crc="1138535159" name="modules/locale/org-netbeans-libs-json_simple_ru.jar"/>
        <file crc="1699712939" name="modules/locale/org-netbeans-libs-json_simple_zh_CN.jar"/>
        <file crc="2974902202" name="modules/org-netbeans-libs-json_simple.jar"/>
    </module_version>
</module>
