<?xml version="1.0" encoding="UTF-8"?><module codename="org.netbeans.modules.parsing.lucene/2">
    <module_version install_time="1394471267427" last="true" origin="installer" specification_version="2.27.2.1">
        <file crc="3780388565" name="config/Modules/org-netbeans-modules-parsing-lucene.xml"/>
        <file crc="3191791725" name="modules/locale/org-netbeans-modules-parsing-lucene_ja.jar"/>
        <file crc="1964416579" name="modules/locale/org-netbeans-modules-parsing-lucene_pt_BR.jar"/>
        <file crc="2023460804" name="modules/locale/org-netbeans-modules-parsing-lucene_ru.jar"/>
        <file crc="1673731225" name="modules/locale/org-netbeans-modules-parsing-lucene_zh_CN.jar"/>
        <file crc="3519924515" name="modules/org-netbeans-modules-parsing-lucene.jar"/>
    </module_version>
</module>
